Produto,Estoque
213 - COMP LACTEO OTIMO 200G,145
363 - FORMULA INF NAN 1 CONFORT 400G,18
418 - LEITE PO PIRACANJUBA INST 200G,7
1978 - LEITE COND NESTLE MOCA LT 395G,44
2012 - AMIDO MILHO MAIZENA TRAD 200G,58
2013 - AMIDO MILHO MAIZENA TRAD 500G,53
3419 - LEITE PO CAMPONESA INST 200G,207
4155 - LEITE PO CAMPONESA DESN 200G,162
4356 - LEITE PO ITAMBE INT LT 380G,21
6406 - LEITE PO CAMPONESA INT 200G,523
6759 - CR LEITE NESTLE UHT 200G,20
10837 - LEITE PO SUPRA SOY S/LACT 300G,7
11057 - LEITE COND CAMPONESA TP 270G,1
11070 - CR LEITE CAMPONESA UHT TRAD 200G,223
13613 - LEITE PO SOL INT 200G,40